"DT_GERACAO";"HH_GERACAO";"ANO_ELEICAO";"CD_TIPO_ELEICAO";"NM_TIPO_ELEICAO";"CD_ELEICAO";"DS_ELEICAO";"DT_ELEICAO";"SG_UF";"SG_UE";"NM_UE";"SQ_CANDIDATO";"NR_ORDEM_CANDIDATO";"CD_TIPO_BEM_CANDIDATO";"DS_TIPO_BEM_CANDIDATO";"DS_BEM_CANDIDATO";"VR_BEM_CANDIDATO";"DT_ULTIMA_ATUALIZACAO";"HH_ULTIMA_ATUALIZACAO"
"30/08/2022";"07:05:16";"2022";"2";"Eleição Ordinária";"544";"Eleição Geral Federal 2022";"02/10/2022";"BR";"BR";"BRASIL";"280001600166";"1";"21";"Veículo automotor terrestre: caminhão, automóvel, moto, etc.";"Não divulgável";"12000,00";"24/08/2022";"14:31:13"
"30/08/2022";"07:05:16";"2022";"2";"Eleição Ordinária";"544";"Eleição Geral Federal 2022";"02/10/2022";"BR";"BR";"BRASIL";"280001600166";"2";"61";"Depósito bancário em conta corrente no País";"Não divulgável";"1300,00";"24/08/2022";"14:31:13"
"30/08/2022";"07:05:16";"2022";"2";"Eleição Ordinária";"544";"Eleição Geral Federal 2022";"02/10/2022";"BR";"BR";"BRASIL";"280001600167";"1";"11";"Apartamento";"Não divulgável";"200000,00";"21/08/2022";"16:40:42"
"30/08/2022";"07:05:16";"2022";"2";"Eleição Ordinária";"544";"Eleição Geral Federal 2022";"02/10/2022";"BR";"BR";"BRASIL";"280001600167";"2";"12";"Casa";"Não divulgável";"294000,00";"21/08/2022";"16:40:42"
"30/08/2022";"07:05:16";"2022";"2";"Eleição Ordinária";"544";"Eleição Geral Federal 2022";"02/10/2022";"BR";"BR";"BRASIL";"280001600167";"3";"41";"Caderneta de poupança";"Não divulgável";"4000,00";"21/08/2022";"16:40:42"
"30/08/2022";"07:05:16";"2022";"2";"Eleição Ordinária";"544";"Eleição Geral Federal 2022";"02/10/2022";"BR";"BR";"BRASIL";"280001600179";"1";"11";"Apartamento";"Não divulgável";"100000,00";"26/08/2022";"16:47:07"
"30/08/2022";"07:05:16";"2022";"2";"Eleição Ordinária";"544";"Eleição Geral Federal 2022";"02/10/2022";"BR";"BR";"BRASIL";"280001600179";"2";"15";"Sala ou conjunto";"Não divulgável";"100000,00";"26/08/2022";"16:47:07"
"30/08/2022";"07:05:16";"2022";"2";"Eleição Ordinária";"544";"Eleição Geral Federal 2022";"02/10/2022";"BR";"BR";"BRASIL";"280001600179";"3";"19";"Outros bens imóveis";"Não divulgável";"54984,33";"26/08/2022";"16:47:07"
"30/08/2022";"07:05:16";"2022";"2";"Eleição Ordinária";"544";"Eleição Geral Federal 2022";"02/10/2022";"BR";"BR";"BRASIL";"280001600179";"4";"24";"Bem relacionado com o exercício da atividade autônoma";"Não divulgável";"250000,00";"26/08/2022";"16:47:07"
"30/08/2022";"07:05:16";"2022";"2";"Eleição Ordinária";"544";"Eleição Geral Federal 2022";"02/10/2022";"BR";"BR";"BRASIL";"280001600179";"5";"24";"Bem relacionado com o exercício da atividade autônoma";"Não divulgável";"250000,00";"26/08/2022";"16:47:07"
"30/08/2022";"07:05:16";"2022";"2";"Eleição Ordinária";"544";"Eleição Geral Federal 2022";"02/10/2022";"BR";"BR";"BRASIL";"280001600179";"6";"31";"Ações (inclusive as provenientes de linha telefônica)";"Não divulgável";"6822,05";"26/08/2022";"16:47:07"
"30/08/2022";"07:05:16";"2022";"2";"Eleição Ordinária";"544";"Eleição Geral Federal 2022";"02/10/2022";"BR";"BR";"BRASIL";"280001600179";"7";"31";"Ações (inclusive as provenientes de linha telefônica)";"Não divulgável";"2225,66";"26/08/2022";"16:47:07"
"30/08/2022";"07:05:16";"2022";"2";"Eleição Ordinária";"544";"Eleição Geral Federal 2022";"02/10/2022";"BR";"BR";"BRASIL";"280001600179";"8";"31";"Ações (inclusive as provenientes de linha telefônica)";"Não divulgável";"254961,78";"26/08/2022";"16:47:07"
"30/08/2022";"07:05:16";"2022";"2";"Eleição Ordinária";"544";"Eleição Geral Federal 2022";"02/10/2022";"BR";"BR";"BRASIL";"280001600179";"9";"31";"Ações (inclusive as provenientes de linha telefônica)";"Não divulgável";"49698,98";"26/08/2022";"16:47:07"
"30/08/2022";"07:05:16";"2022";"2";"Eleição Ordinária";"544";"Eleição Geral Federal 2022";"02/10/2022";"BR";"BR";"BRASIL";"280001600179";"10";"31";"Ações (inclusive as provenientes de linha telefônica)";"Não divulgável";"14814,44";"26/08/2022";"16:47:07"
"30/08/2022";"07:05:16";"2022";"2";"Eleição Ordinária";"544";"Eleição Geral Federal 2022";"02/10/2022";"BR";"BR";"BRASIL";"280001600179";"11";"31";"Ações (inclusive as provenientes de linha telefônica)";"Não divulgável";"36921,06";"26/08/2022";"16:47:07"
"30/08/2022";"07:05:16";"2022";"2";"Eleição Ordinária";"544";"Eleição Geral Federal 2022";"02/10/2022";"BR";"BR";"BRASIL";"280001600179";"12";"31";"Ações (inclusive as provenientes de linha telefônica)";"Não divulgável";"31134,34";"26/08/2022";"16:47:07"
"30/08/2022";"07:05:16";"2022";"2";"Eleição Ordinária";"544";"Eleição Geral Federal 2022";"02/10/2022";"BR";"BR";"BRASIL";"280001600179";"13";"31";"Ações (inclusive as provenientes de linha telefônica)";"Não divulgável";"31687,85";"26/08/2022";"16:47:07"
"30/08/2022";"07:05:16";"2022";"2";"Eleição Ordinária";"544";"Eleição Geral Federal 2022";"02/10/2022";"BR";"BR";"BRASIL";"280001600179";"14";"31";"Ações (inclusive as provenientes de linha telefônica)";"Não divulgável";"405932,67";"26/08/2022";"16:47:07"
"30/08/2022";"07:05:16";"2022";"2";"Eleição Ordinária";"544";"Eleição Geral Federal 2022";"02/10/2022";"BR";"BR";"BRASIL";"280001600179";"15";"31";"Ações (inclusive as provenientes de linha telefônica)";"Não divulgável";"121151,46";"26/08/2022";"16:47:07"
"30/08/2022";"07:05:16";"2022";"2";"Eleição Ordinária";"544";"Eleição Geral Federal 2022";"02/10/2022";"BR";"BR";"BRASIL";"280001600179";"16";"31";"Ações (inclusive as provenientes de linha telefônica)";"Não divulgável";"272,08";"26/08/2022";"16:47:07"
"30/08/2022";"07:05:16";"2022";"2";"Eleição Ordinária";"544";"Eleição Geral Federal 2022";"02/10/2022";"BR";"BR";"BRASIL";"280001600179";"17";"39";"Outras participações societárias";"Não divulgável";"13712659,00";"26/08/2022";"16:47:07"
"30/08/2022";"07:05:16";"2022";"2";"Eleição Ordinária";"544";"Eleição Geral Federal 2022";"02/10/2022";"BR";"BR";"BRASIL";"280001600179";"18";"39";"Outras participações societárias";"Não divulgável";"2444,68";"26/08/2022";"16:47:07"
"30/08/2022";"07:05:16";"2022";"2";"Eleição Ordinária";"544";"Eleição Geral Federal 2022";"02/10/2022";"BR";"BR";"BRASIL";"280001600179";"19";"45";"Aplicação de renda fixa (CDB, RDB e outros)";"Não divulgável";"9416,36";"26/08/2022";"16:47:07"
"30/08/2022";"07:05:16";"2022";"2";"Eleição Ordinária";"544";"Eleição Geral Federal 2022";"02/10/2022";"BR";"BR";"BRASIL";"280001600179";"20";"45";"Aplicação de renda fixa (CDB, RDB e outros)";"Não divulgável";"110164,64";"26/08/2022";"16:47:07"
"30/08/2022";"07:05:16";"2022";"2";"Eleição Ordinária";"544";"Eleição Geral Federal 2022";"02/10/2022";"BR";"BR";"BRASIL";"280001600179";"21";"45";"Aplicação de renda fixa (CDB, RDB e outros)";"Não divulgável";"113191,20";"26/08/2022";"16:47:07"
"30/08/2022";"07:05:16";"2022";"2";"Eleição Ordinária";"544";"Eleição Geral Federal 2022";"02/10/2022";"BR";"BR";"BRASIL";"280001600179";"22";"61";"Depósito bancário em conta corrente no País";"Não divulgável";"13951,27";"26/08/2022";"16:47:07"
"30/08/2022";"07:05:16";"2022";"2";"Eleição Ordinária";"544";"Eleição Geral Federal 2022";"02/10/2022";"BR";"BR";"BRASIL";"280001600179";"23";"61";"Depósito bancário em conta corrente no País";"Não divulgável";"10,00";"26/08/2022";"16:47:07"
"30/08/2022";"07:05:16";"2022";"2";"Eleição Ordinária";"544";"Eleição Geral Federal 2022";"02/10/2022";"BR";"BR";"BRASIL";"280001600179";"24";"61";"Depósito bancário em conta corrente no País";"Não divulgável";"2415,72";"26/08/2022";"16:47:07"
"30/08/2022";"07:05:16";"2022";"2";"Eleição Ordinária";"544";"Eleição Geral Federal 2022";"02/10/2022";"BR";"BR";"BRASIL";"280001600179";"25";"61";"Depósito bancário em conta corrente no País";"Não divulgável";"327727,11";"26/08/2022";"16:47:07"
"30/08/2022";"07:05:16";"2022";"2";"Eleição Ordinária";"544";"Eleição Geral Federal 2022";"02/10/2022";"BR";"BR";"BRASIL";"280001600179";"26";"74";"Fundos: Ações, Mútuos de Privatização, Invest. Empresas Emergentes, Invest.Participação e Invest. Índice Mercado";"Não divulgável";"20206,39";"26/08/2022";"16:47:07"
"30/08/2022";"07:05:16";"2022";"2";"Eleição Ordinária";"544";"Eleição Geral Federal 2022";"02/10/2022";"BR";"BR";"BRASIL";"280001600179";"27";"95";"Consórcio não contemplado";"Não divulgável";"288705,81";"26/08/2022";"16:47:07"
"30/08/2022";"07:05:16";"2022";"2";"Eleição Ordinária";"544";"Eleição Geral Federal 2022";"02/10/2022";"BR";"BR";"BRASIL";"280001600179";"28";"95";"Consórcio não contemplado";"Não divulgável";"34860,40";"26/08/2022";"16:47:07"
"30/08/2022";"07:05:16";"2022";"2";"Eleição Ordinária";"544";"Eleição Geral Federal 2022";"02/10/2022";"BR";"BR";"BRASIL";"280001600179";"29";"99";"OUTROS BENS E DIREITOS";"Não divulgável";"2783,37";"26/08/2022";"16:47:07"
"30/08/2022";"07:05:16";"2022";"2";"Eleição Ordinária";"544";"Eleição Geral Federal 2022";"02/10/2022";"BR";"BR";"BRASIL";"280001600179";"30";"99";"OUTROS BENS E DIREITOS";"Não divulgável";"98390,31";"26/08/2022";"16:47:07"
"30/08/2022";"07:05:16";"2022";"2";"Eleição Ordinária";"544";"Eleição Geral Federal 2022";"02/10/2022";"BR";"BR";"BRASIL";"280001600179";"31";"99";"OUTROS BENS E DIREITOS";"Não divulgável";"100000,00";"26/08/2022";"16:47:07"
"30/08/2022";"07:05:16";"2022";"2";"Eleição Ordinária";"544";"Eleição Geral Federal 2022";"02/10/2022";"BR";"BR";"BRASIL";"280001600179";"32";"99";"OUTROS BENS E DIREITOS";"Não divulgável";"100000,00";"26/08/2022";"16:47:07"
"30/08/2022";"07:05:16";"2022";"2";"Eleição Ordinária";"544";"Eleição Geral Federal 2022";"02/10/2022";"BR";"BR";"BRASIL";"280001600179";"33";"99";"OUTROS BENS E DIREITOS";"Não divulgável";"100000,00";"26/08/2022";"16:47:07"
"30/08/2022";"07:05:16";"2022";"2";"Eleição Ordinária";"544";"Eleição Geral Federal 2022";"02/10/2022";"BR";"BR";"BRASIL";"280001600179";"34";"99";"OUTROS BENS E DIREITOS";"Não divulgável";"95934,56";"26/08/2022";"16:47:07"
"30/08/2022";"07:05:16";"2022";"2";"Eleição Ordinária";"544";"Eleição Geral Federal 2022";"02/10/2022";"BR";"BR";"BRASIL";"280001600179";"35";"99";"OUTROS BENS E DIREITOS";"Não divulgável";"99073,63";"26/08/2022";"16:47:07"
"30/08/2022";"07:05:16";"2022";"2";"Eleição Ordinária";"544";"Eleição Geral Federal 2022";"02/10/2022";"BR";"BR";"BRASIL";"280001600179";"36";"39";"Outras participações societárias";"Não divulgável";"80000000,00";"26/08/2022";"16:47:07"
"30/08/2022";"07:05:16";"2022";"2";"Eleição Ordinária";"544";"Eleição Geral Federal 2022";"02/10/2022";"BR";"BR";"BRASIL";"280001602702";"1";"41";"Caderneta de poupança";"Não divulgável";"197,31";"24/08/2022";"14:31:13"
"30/08/2022";"07:05:16";"2022";"2";"Eleição Ordinária";"544";"Eleição Geral Federal 2022";"02/10/2022";"BR";"BR";"BRASIL";"280001602703";"1";"41";"Caderneta de poupança";"Não divulgável";"15,00";"24/08/2022";"14:31:13"
"30/08/2022";"07:05:16";"2022";"2";"Eleição Ordinária";"544";"Eleição Geral Federal 2022";"02/10/2022";"BR";"BR";"BRASIL";"280001602703";"2";"61";"Depósito bancário em conta corrente no País";"Não divulgável";"2549,06";"24/08/2022";"14:31:13"
"30/08/2022";"07:05:16";"2022";"2";"Eleição Ordinária";"544";"Eleição Geral Federal 2022";"02/10/2022";"BR";"BR";"BRASIL";"280001602703";"3";"61";"Depósito bancário em conta corrente no País";"Não divulgável";"800,49";"24/08/2022";"14:31:13"
"30/08/2022";"07:05:16";"2022";"2";"Eleição Ordinária";"544";"Eleição Geral Federal 2022";"02/10/2022";"BR";"BR";"BRASIL";"280001603611";"1";"11";"Apartamento";"Não divulgável";"117445,98";"29/08/2022";"13:33:30"
"30/08/2022";"07:05:16";"2022";"2";"Eleição Ordinária";"544";"Eleição Geral Federal 2022";"02/10/2022";"BR";"BR";"BRASIL";"280001603611";"2";"31";"Ações (inclusive as provenientes de linha telefônica)";"Não divulgável";"55538,21";"29/08/2022";"13:33:30"
"30/08/2022";"07:05:16";"2022";"2";"Eleição Ordinária";"544";"Eleição Geral Federal 2022";"02/10/2022";"BR";"BR";"BRASIL";"280001603611";"3";"45";"Aplicação de renda fixa (CDB, RDB e outros)";"Não divulgável";"1005766,39";"29/08/2022";"13:33:30"
"30/08/2022";"07:05:16";"2022";"2";"Eleição Ordinária";"544";"Eleição Geral Federal 2022";"02/10/2022";"BR";"BR";"BRASIL";"280001603611";"4";"61";"Depósito bancário em conta corrente no País";"Não divulgável";"87,41";"29/08/2022";"13:33:30"
"30/08/2022";"07:05:16";"2022";"2";"Eleição Ordinária";"544";"Eleição Geral Federal 2022";"02/10/2022";"BR";"BR";"BRASIL";"280001603611";"5";"79";"Outros fundos";"Não divulgável";"697029,28";"29/08/2022";"13:33:30"
"30/08/2022";"07:05:16";"2022";"2";"Eleição Ordinária";"544";"Eleição Geral Federal 2022";"02/10/2022";"BR";"BR";"BRASIL";"280001603611";"6";"97";"VGBL - Vida Gerador de Benefício Livre";"Não divulgável";"50000,00";"29/08/2022";"13:33:30"
"30/08/2022";"07:05:16";"2022";"2";"Eleição Ordinária";"544";"Eleição Geral Federal 2022";"02/10/2022";"BR";"BR";"BRASIL";"280001603612";"1";"12";"Casa";"Não divulgável";"983515,20";"29/08/2022";"13:30:28"
"30/08/2022";"07:05:16";"2022";"2";"Eleição Ordinária";"544";"Eleição Geral Federal 2022";"02/10/2022";"BR";"BR";"BRASIL";"280001603612";"2";"12";"Casa";"Não divulgável";"2365000,00";"29/08/2022";"13:30:28"
"30/08/2022";"07:05:16";"2022";"2";"Eleição Ordinária";"544";"Eleição Geral Federal 2022";"02/10/2022";"BR";"BR";"BRASIL";"280001603612";"3";"32";"Quotas ou quinhões de capital";"Não divulgável";"2250000,00";"29/08/2022";"13:30:28"
"30/08/2022";"07:05:16";"2022";"2";"Eleição Ordinária";"544";"Eleição Geral Federal 2022";"02/10/2022";"BR";"BR";"BRASIL";"280001603612";"4";"32";"Quotas ou quinhões de capital";"Não divulgável";"1206147,32";"29/08/2022";"13:30:28"
"30/08/2022";"07:05:16";"2022";"2";"Eleição Ordinária";"544";"Eleição Geral Federal 2022";"02/10/2022";"BR";"BR";"BRASIL";"280001603612";"5";"32";"Quotas ou quinhões de capital";"Não divulgável";"150900,00";"29/08/2022";"13:30:28"
"30/08/2022";"07:05:16";"2022";"2";"Eleição Ordinária";"544";"Eleição Geral Federal 2022";"02/10/2022";"BR";"BR";"BRASIL";"280001603612";"6";"32";"Quotas ou quinhões de capital";"Não divulgável";"7095166,30";"29/08/2022";"13:30:28"
"30/08/2022";"07:05:16";"2022";"2";"Eleição Ordinária";"544";"Eleição Geral Federal 2022";"02/10/2022";"BR";"BR";"BRASIL";"280001603612";"7";"32";"Quotas ou quinhões de capital";"Não divulgável";"10329000,00";"29/08/2022";"13:30:28"
"30/08/2022";"07:05:16";"2022";"2";"Eleição Ordinária";"544";"Eleição Geral Federal 2022";"02/10/2022";"BR";"BR";"BRASIL";"280001603612";"8";"45";"Aplicação de renda fixa (CDB, RDB e outros)";"Não divulgável";"238578,79";"29/08/2022";"13:30:28"
"30/08/2022";"07:05:16";"2022";"2";"Eleição Ordinária";"544";"Eleição Geral Federal 2022";"02/10/2022";"BR";"BR";"BRASIL";"280001603612";"9";"49";"Outras aplicações e Investimentos";"Não divulgável";"1320,05";"29/08/2022";"13:30:28"
"30/08/2022";"07:05:16";"2022";"2";"Eleição Ordinária";"544";"Eleição Geral Federal 2022";"02/10/2022";"BR";"BR";"BRASIL";"280001607829";"1";"41";"Caderneta de poupança";"Não divulgável";"0,02";"26/08/2022";"15:34:13"
"30/08/2022";"07:05:16";"2022";"2";"Eleição Ordinária";"544";"Eleição Geral Federal 2022";"02/10/2022";"BR";"BR";"BRASIL";"280001607829";"2";"61";"Depósito bancário em conta corrente no País";"Não divulgável";"1,00";"26/08/2022";"15:34:13"
"30/08/2022";"07:05:16";"2022";"2";"Eleição Ordinária";"544";"Eleição Geral Federal 2022";"02/10/2022";"BR";"BR";"BRASIL";"280001607829";"3";"61";"Depósito bancário em conta corrente no País";"Não divulgável";"2180,00";"26/08/2022";"15:34:13"
"30/08/2022";"07:05:16";"2022";"2";"Eleição Ordinária";"544";"Eleição Geral Federal 2022";"02/10/2022";"BR";"BR";"BRASIL";"280001607829";"4";"11";"Apartamento";"Não divulgável";"94571,25";"26/08/2022";"15:34:13"
"30/08/2022";"07:05:16";"2022";"2";"Eleição Ordinária";"544";"Eleição Geral Federal 2022";"02/10/2022";"BR";"BR";"BRASIL";"280001607829";"5";"11";"Apartamento";"Não divulgável";"19167,34";"26/08/2022";"15:34:13"
"30/08/2022";"07:05:16";"2022";"2";"Eleição Ordinária";"544";"Eleição Geral Federal 2022";"02/10/2022";"BR";"BR";"BRASIL";"280001607829";"6";"13";"Terreno";"Não divulgável";"265000,00";"26/08/2022";"15:34:13"
"30/08/2022";"07:05:16";"2022";"2";"Eleição Ordinária";"544";"Eleição Geral Federal 2022";"02/10/2022";"BR";"BR";"BRASIL";"280001607829";"7";"13";"Terreno";"Não divulgável";"130000,00";"26/08/2022";"15:34:13"
"30/08/2022";"07:05:16";"2022";"2";"Eleição Ordinária";"544";"Eleição Geral Federal 2022";"02/10/2022";"BR";"BR";"BRASIL";"280001607829";"8";"21";"Veículo automotor terrestre: caminhão, automóvel, moto, etc.";"Não divulgável";"85000,00";"26/08/2022";"15:34:13"
"30/08/2022";"07:05:16";"2022";"2";"Eleição Ordinária";"544";"Eleição Geral Federal 2022";"02/10/2022";"BR";"BR";"BRASIL";"280001607829";"9";"21";"Veículo automotor terrestre: caminhão, automóvel, moto, etc.";"Não divulgável";"48475,00";"26/08/2022";"15:34:13"
"30/08/2022";"07:05:16";"2022";"2";"Eleição Ordinária";"544";"Eleição Geral Federal 2022";"02/10/2022";"BR";"BR";"BRASIL";"280001607829";"10";"45";"Aplicação de renda fixa (CDB, RDB e outros)";"Não divulgável";"185744,81";"26/08/2022";"15:34:13"
"30/08/2022";"07:05:16";"2022";"2";"Eleição Ordinária";"544";"Eleição Geral Federal 2022";"02/10/2022";"BR";"BR";"BRASIL";"280001607829";"11";"99";"OUTROS BENS E DIREITOS";"Não divulgável";"179298,96";"26/08/2022";"15:34:13"
"30/08/2022";"07:05:16";"2022";"2";"Eleição Ordinária";"544";"Eleição Geral Federal 2022";"02/10/2022";"BR";"BR";"BRASIL";"280001607829";"12";"97";"VGBL - Vida Gerador de Benefício Livre";"Não divulgável";"5570798,99";"26/08/2022";"15:34:13"
"30/08/2022";"07:05:16";"2022";"2";"Eleição Ordinária";"544";"Eleição Geral Federal 2022";"02/10/2022";"BR";"BR";"BRASIL";"280001607829";"13";"16";"Construção";"Não divulgável";"246918,82";"26/08/2022";"15:34:13"
"30/08/2022";"07:05:16";"2022";"2";"Eleição Ordinária";"544";"Eleição Geral Federal 2022";"02/10/2022";"BR";"BR";"BRASIL";"280001607829";"14";"99";"OUTROS BENS E DIREITOS";"Não divulgável";"250722,03";"26/08/2022";"15:34:13"
"30/08/2022";"07:05:16";"2022";"2";"Eleição Ordinária";"544";"Eleição Geral Federal 2022";"02/10/2022";"BR";"BR";"BRASIL";"280001607829";"15";"51";"Crédito decorrente de empréstimo";"Não divulgável";"200000,00";"26/08/2022";"15:34:13"
"30/08/2022";"07:05:16";"2022";"2";"Eleição Ordinária";"544";"Eleição Geral Federal 2022";"02/10/2022";"BR";"BR";"BRASIL";"280001607829";"16";"71";"Fundo de Curto Prazo";"Não divulgável";"1213,17";"26/08/2022";"15:34:13"
"30/08/2022";"07:05:16";"2022";"2";"Eleição Ordinária";"544";"Eleição Geral Federal 2022";"02/10/2022";"BR";"BR";"BRASIL";"280001607829";"17";"51";"Crédito decorrente de empréstimo";"Não divulgável";"50000,00";"26/08/2022";"15:34:13"
"30/08/2022";"07:05:16";"2022";"2";"Eleição Ordinária";"544";"Eleição Geral Federal 2022";"02/10/2022";"BR";"BR";"BRASIL";"280001607829";"18";"11";"Apartamento";"Não divulgável";"19167,34";"26/08/2022";"15:34:13"
"30/08/2022";"07:05:16";"2022";"2";"Eleição Ordinária";"544";"Eleição Geral Federal 2022";"02/10/2022";"BR";"BR";"BRASIL";"280001607829";"19";"13";"Terreno";"Não divulgável";"2733,45";"26/08/2022";"15:34:13"
"30/08/2022";"07:05:16";"2022";"2";"Eleição Ordinária";"544";"Eleição Geral Federal 2022";"02/10/2022";"BR";"BR";"BRASIL";"280001607829";"20";"32";"Quotas ou quinhões de capital";"Não divulgável";"49000,00";"26/08/2022";"15:34:13"
"30/08/2022";"07:05:16";"2022";"2";"Eleição Ordinária";"544";"Eleição Geral Federal 2022";"02/10/2022";"BR";"BR";"BRASIL";"280001607829";"21";"41";"Caderneta de poupança";"Não divulgável";"4719,20";"26/08/2022";"15:34:13"
"30/08/2022";"07:05:16";"2022";"2";"Eleição Ordinária";"544";"Eleição Geral Federal 2022";"02/10/2022";"BR";"BR";"BRASIL";"280001607829";"22";"61";"Depósito bancário em conta corrente no País";"Não divulgável";"18681,23";"26/08/2022";"15:34:13"
"30/08/2022";"07:05:16";"2022";"2";"Eleição Ordinária";"544";"Eleição Geral Federal 2022";"02/10/2022";"BR";"BR";"BRASIL";"280001607829";"23";"49";"Outras aplicações e Investimentos";"Não divulgável";"333,17";"26/08/2022";"15:34:13"
"30/08/2022";"07:05:16";"2022";"2";"Eleição Ordinária";"544";"Eleição Geral Federal 2022";"02/10/2022";"BR";"BR";"BRASIL";"280001607830";"1";"11";"Apartamento";"Não divulgável";"323806,02";"24/08/2022";"14:31:13"
"30/08/2022";"07:05:16";"2022";"2";"Eleição Ordinária";"544";"Eleição Geral Federal 2022";"02/10/2022";"BR";"BR";"BRASIL";"280001607830";"2";"12";"Casa";"Não divulgável";"52822,98";"24/08/2022";"14:31:13"
"30/08/2022";"07:05:16";"2022";"2";"Eleição Ordinária";"544";"Eleição Geral Federal 2022";"02/10/2022";"BR";"BR";"BRASIL";"280001607830";"3";"13";"Terreno";"Não divulgável";"110959,51";"24/08/2022";"14:31:13"
"30/08/2022";"07:05:16";"2022";"2";"Eleição Ordinária";"544";"Eleição Geral Federal 2022";"02/10/2022";"BR";"BR";"BRASIL";"280001607830";"4";"13";"Terreno";"Não divulgável";"30091,04";"24/08/2022";"14:31:13"
"30/08/2022";"07:05:16";"2022";"2";"Eleição Ordinária";"544";"Eleição Geral Federal 2022";"02/10/2022";"BR";"BR";"BRASIL";"280001607830";"5";"97";"VGBL - Vida Gerador de Benefício Livre";"Não divulgável";"1159,81";"24/08/2022";"14:31:13"
"30/08/2022";"07:05:16";"2022";"2";"Eleição Ordinária";"544";"Eleição Geral Federal 2022";"02/10/2022";"BR";"BR";"BRASIL";"280001607830";"6";"97";"VGBL - Vida Gerador de Benefício Livre";"Não divulgável";"314863,23";"24/08/2022";"14:31:13"
"30/08/2022";"07:05:16";"2022";"2";"Eleição Ordinária";"544";"Eleição Geral Federal 2022";"02/10/2022";"BR";"BR";"BRASIL";"280001607830";"7";"72";"Fundo de Longo Prazo e Fundo de Investimentos em Direitos Creditórios (FIDC)";"Não divulgável";"172025,83";"24/08/2022";"14:31:13"
"30/08/2022";"07:05:16";"2022";"2";"Eleição Ordinária";"544";"Eleição Geral Federal 2022";"02/10/2022";"BR";"BR";"BRASIL";"280001607831";"1";"41";"Caderneta de poupança";"Não divulgável";"8805,00";"21/08/2022";"17:21:45"
"30/08/2022";"07:05:16";"2022";"2";"Eleição Ordinária";"544";"Eleição Geral Federal 2022";"02/10/2022";"BR";"BR";"BRASIL";"280001607833";"1";"11";"Apartamento";"Não divulgável";"81903,69";"25/08/2022";"12:53:16"
"30/08/2022";"07:05:16";"2022";"2";"Eleição Ordinária";"544";"Eleição Geral Federal 2022";"02/10/2022";"BR";"BR";"BRASIL";"280001607833";"2";"11";"Apartamento";"Não divulgável";"310000,00";"25/08/2022";"12:53:16"
"30/08/2022";"07:05:16";"2022";"2";"Eleição Ordinária";"544";"Eleição Geral Federal 2022";"02/10/2022";"BR";"BR";"BRASIL";"280001607833";"3";"11";"Apartamento";"Não divulgável";"200000,00";"25/08/2022";"12:53:16"
"30/08/2022";"07:05:16";"2022";"2";"Eleição Ordinária";"544";"Eleição Geral Federal 2022";"02/10/2022";"BR";"BR";"BRASIL";"280001607833";"4";"11";"Apartamento";"Não divulgável";"200000,00";"25/08/2022";"12:53:16"
"30/08/2022";"07:05:16";"2022";"2";"Eleição Ordinária";"544";"Eleição Geral Federal 2022";"02/10/2022";"BR";"BR";"BRASIL";"280001607833";"5";"11";"Apartamento";"Não divulgável";"200000,00";"25/08/2022";"12:53:16"
"30/08/2022";"07:05:16";"2022";"2";"Eleição Ordinária";"544";"Eleição Geral Federal 2022";"02/10/2022";"BR";"BR";"BRASIL";"280001607833";"6";"11";"Apartamento";"Não divulgável";"200000,00";"25/08/2022";"12:53:16"
"30/08/2022";"07:05:16";"2022";"2";"Eleição Ordinária";"544";"Eleição Geral Federal 2022";"02/10/2022";"BR";"BR";"BRASIL";"280001607833";"7";"11";"Apartamento";"Não divulgável";"200000,00";"25/08/2022";"12:53:16"
"30/08/2022";"07:05:16";"2022";"2";"Eleição Ordinária";"544";"Eleição Geral Federal 2022";"02/10/2022";"BR";"BR";"BRASIL";"280001607833";"8";"12";"Casa";"Não divulgável";"52000,00";"25/08/2022";"12:53:16"
"30/08/2022";"07:05:16";"2022";"2";"Eleição Ordinária";"544";"Eleição Geral Federal 2022";"02/10/2022";"BR";"BR";"BRASIL";"280001607833";"9";"12";"Casa";"Não divulgável";"69397,28";"25/08/2022";"12:53:16"
"30/08/2022";"07:05:16";"2022";"2";"Eleição Ordinária";"544";"Eleição Geral Federal 2022";"02/10/2022";"BR";"BR";"BRASIL";"280001607833";"10";"13";"Terreno";"Não divulgável";"94000,00";"25/08/2022";"12:53:16"
"30/08/2022";"07:05:16";"2022";"2";"Eleição Ordinária";"544";"Eleição Geral Federal 2022";"02/10/2022";"BR";"BR";"BRASIL";"280001607833";"11";"13";"Terreno";"Não divulgável";"100000,00";"25/08/2022";"12:53:16"
"30/08/2022";"07:05:16";"2022";"2";"Eleição Ordinária";"544";"Eleição Geral Federal 2022";"02/10/2022";"BR";"BR";"BRASIL";"280001607833";"12";"13";"Terreno";"Não divulgável";"100000,00";"25/08/2022";"12:53:16"
"30/08/2022";"07:05:16";"2022";"2";"Eleição Ordinária";"544";"Eleição Geral Federal 2022";"02/10/2022";"BR";"BR";"BRASIL";"280001607833";"13";"13";"Terreno";"Não divulgável";"457209,33";"25/08/2022";"12:53:16"
"30/08/2022";"07:05:16";"2022";"2";"Eleição Ordinária";"544";"Eleição Geral Federal 2022";"02/10/2022";"BR";"BR";"BRASIL";"280001607833";"14";"61";"Depósito bancário em conta corrente no País";"Não divulgável";"59225,08";"25/08/2022";"12:53:16"
"30/08/2022";"07:05:16";"2022";"2";"Eleição Ordinária";"544";"Eleição Geral Federal 2022";"02/10/2022";"BR";"BR";"BRASIL";"280001607834";"1";"11";"Apartamento";"Não divulgável";"950000,00";"25/08/2022";"12:54:20"
"30/08/2022";"07:05:16";"2022";"2";"Eleição Ordinária";"544";"Eleição Geral Federal 2022";"02/10/2022";"BR";"BR";"BRASIL";"280001607834";"2";"13";"Terreno";"Não divulgável";"600000,00";"25/08/2022";"12:54:20"
"30/08/2022";"07:05:16";"2022";"2";"Eleição Ordinária";"544";"Eleição Geral Federal 2022";"02/10/2022";"BR";"BR";"BRASIL";"280001607834";"3";"19";"Outros bens imóveis";"Não divulgável";"2031780,56";"25/08/2022";"12:54:20"
"30/08/2022";"07:05:16";"2022";"2";"Eleição Ordinária";"544";"Eleição Geral Federal 2022";"02/10/2022";"BR";"BR";"BRASIL";"280001607834";"4";"21";"Veículo automotor terrestre: caminhão, automóvel, moto, etc.";"Não divulgável";"227000,00";"25/08/2022";"12:54:20"
"30/08/2022";"07:05:16";"2022";"2";"Eleição Ordinária";"544";"Eleição Geral Federal 2022";"02/10/2022";"BR";"BR";"BRASIL";"280001607834";"5";"99";"OUTROS BENS E DIREITOS";"Não divulgável";"450000,00";"25/08/2022";"12:54:20"
"30/08/2022";"07:05:16";"2022";"2";"Eleição Ordinária";"544";"Eleição Geral Federal 2022";"02/10/2022";"BR";"BR";"BRASIL";"280001607834";"6";"41";"Caderneta de poupança";"Não divulgável";"14826,14";"25/08/2022";"12:54:20"
"30/08/2022";"07:05:16";"2022";"2";"Eleição Ordinária";"544";"Eleição Geral Federal 2022";"02/10/2022";"BR";"BR";"BRASIL";"280001607834";"7";"79";"Outros fundos";"Não divulgável";"91462,00";"25/08/2022";"12:54:20"
"30/08/2022";"07:05:16";"2022";"2";"Eleição Ordinária";"544";"Eleição Geral Federal 2022";"02/10/2022";"BR";"BR";"BRASIL";"280001607834";"8";"49";"Outras aplicações e Investimentos";"Não divulgável";"350000,00";"25/08/2022";"12:54:20"
"30/08/2022";"07:05:16";"2022";"2";"Eleição Ordinária";"544";"Eleição Geral Federal 2022";"02/10/2022";"BR";"BR";"BRASIL";"280001607834";"9";"49";"Outras aplicações e Investimentos";"Não divulgável";"5125462,72";"25/08/2022";"12:54:20"
"30/08/2022";"07:05:16";"2022";"2";"Eleição Ordinária";"544";"Eleição Geral Federal 2022";"02/10/2022";"BR";"BR";"BRASIL";"280001607834";"10";"97";"VGBL - Vida Gerador de Benefício Livre";"Não divulgável";"2546213,25";"25/08/2022";"12:54:20"
"30/08/2022";"07:05:16";"2022";"2";"Eleição Ordinária";"544";"Eleição Geral Federal 2022";"02/10/2022";"BR";"BR";"BRASIL";"280001607834";"11";"49";"Outras aplicações e Investimentos";"Não divulgável";"3000,00";"25/08/2022";"12:54:20"
"30/08/2022";"07:05:16";"2022";"2";"Eleição Ordinária";"544";"Eleição Geral Federal 2022";"02/10/2022";"BR";"BR";"BRASIL";"280001607834";"12";"73";"Fundo de Investimento Imobiliário";"Não divulgável";"500000,00";"25/08/2022";"12:54:20"
"30/08/2022";"07:05:16";"2022";"2";"Eleição Ordinária";"544";"Eleição Geral Federal 2022";"02/10/2022";"BR";"BR";"BRASIL";"280001607834";"13";"61";"Depósito bancário em conta corrente no País";"Não divulgável";"10,00";"25/08/2022";"12:54:20"
"30/08/2022";"07:05:16";"2022";"2";"Eleição Ordinária";"544";"Eleição Geral Federal 2022";"02/10/2022";"BR";"BR";"BRASIL";"280001607834";"14";"61";"Depósito bancário em conta corrente no País";"Não divulgável";"7594,03";"25/08/2022";"12:54:20"
"30/08/2022";"07:05:16";"2022";"2";"Eleição Ordinária";"544";"Eleição Geral Federal 2022";"02/10/2022";"BR";"BR";"BRASIL";"280001612392";"1";"21";"Veículo automotor terrestre: caminhão, automóvel, moto, etc.";"Não divulgável";"93144,00";"26/08/2022";"17:56:17"
"30/08/2022";"07:05:16";"2022";"2";"Eleição Ordinária";"544";"Eleição Geral Federal 2022";"02/10/2022";"BR";"BR";"BRASIL";"280001612392";"2";"41";"Caderneta de poupança";"Não divulgável";"9926,15";"26/08/2022";"17:56:17"
"30/08/2022";"07:05:16";"2022";"2";"Eleição Ordinária";"544";"Eleição Geral Federal 2022";"02/10/2022";"BR";"BR";"BRASIL";"280001612392";"3";"41";"Caderneta de poupança";"Não divulgável";"19002,00";"26/08/2022";"17:56:17"
"30/08/2022";"07:05:16";"2022";"2";"Eleição Ordinária";"544";"Eleição Geral Federal 2022";"02/10/2022";"BR";"BR";"BRASIL";"280001612392";"4";"61";"Depósito bancário em conta corrente no País";"Não divulgável";"1034,01";"26/08/2022";"17:56:17"
"30/08/2022";"07:05:16";"2022";"2";"Eleição Ordinária";"544";"Eleição Geral Federal 2022";"02/10/2022";"BR";"BR";"BRASIL";"280001612392";"5";"21";"Veículo automotor terrestre: caminhão, automóvel, moto, etc.";"Não divulgável";"94072,11";"26/08/2022";"17:56:17"
"30/08/2022";"07:05:16";"2022";"2";"Eleição Ordinária";"544";"Eleição Geral Federal 2022";"02/10/2022";"BR";"BR";"BRASIL";"280001612392";"6";"11";"Apartamento";"Não divulgável";"990733,95";"26/08/2022";"17:56:17"
"30/08/2022";"07:05:16";"2022";"2";"Eleição Ordinária";"544";"Eleição Geral Federal 2022";"02/10/2022";"BR";"BR";"BRASIL";"280001612393";"1";"11";"Apartamento";"Não divulgável";"687091,02";"26/08/2022";"17:52:29"
"30/08/2022";"07:05:16";"2022";"2";"Eleição Ordinária";"544";"Eleição Geral Federal 2022";"02/10/2022";"BR";"BR";"BRASIL";"280001612393";"2";"11";"Apartamento";"Não divulgável";"381202,90";"26/08/2022";"17:52:29"
"30/08/2022";"07:05:16";"2022";"2";"Eleição Ordinária";"544";"Eleição Geral Federal 2022";"02/10/2022";"BR";"BR";"BRASIL";"280001612393";"3";"12";"Casa";"Não divulgável";"160000,00";"26/08/2022";"17:52:29"
"30/08/2022";"07:05:16";"2022";"2";"Eleição Ordinária";"544";"Eleição Geral Federal 2022";"02/10/2022";"BR";"BR";"BRASIL";"280001612393";"4";"12";"Casa";"Não divulgável";"300000,00";"26/08/2022";"17:52:29"
"30/08/2022";"07:05:16";"2022";"2";"Eleição Ordinária";"544";"Eleição Geral Federal 2022";"02/10/2022";"BR";"BR";"BRASIL";"280001612393";"5";"21";"Veículo automotor terrestre: caminhão, automóvel, moto, etc.";"Não divulgável";"85000,00";"26/08/2022";"17:52:29"
"30/08/2022";"07:05:16";"2022";"2";"Eleição Ordinária";"544";"Eleição Geral Federal 2022";"02/10/2022";"BR";"BR";"BRASIL";"280001612393";"6";"21";"Veículo automotor terrestre: caminhão, automóvel, moto, etc.";"Não divulgável";"105000,00";"26/08/2022";"17:52:29"
"30/08/2022";"07:05:16";"2022";"2";"Eleição Ordinária";"544";"Eleição Geral Federal 2022";"02/10/2022";"BR";"BR";"BRASIL";"280001612393";"7";"32";"Quotas ou quinhões de capital";"Não divulgável";"50000,00";"26/08/2022";"17:52:29"
"30/08/2022";"07:05:16";"2022";"2";"Eleição Ordinária";"544";"Eleição Geral Federal 2022";"02/10/2022";"BR";"BR";"BRASIL";"280001612393";"8";"32";"Quotas ou quinhões de capital";"Não divulgável";"0,00";"26/08/2022";"17:52:29"
"30/08/2022";"07:05:16";"2022";"2";"Eleição Ordinária";"544";"Eleição Geral Federal 2022";"02/10/2022";"BR";"BR";"BRASIL";"280001612393";"9";"32";"Quotas ou quinhões de capital";"Não divulgável";"12000,00";"26/08/2022";"17:52:29"
"30/08/2022";"07:05:16";"2022";"2";"Eleição Ordinária";"544";"Eleição Geral Federal 2022";"02/10/2022";"BR";"BR";"BRASIL";"280001612393";"10";"51";"Crédito decorrente de empréstimo";"Não divulgável";"36000,00";"26/08/2022";"17:52:29"
"30/08/2022";"07:05:16";"2022";"2";"Eleição Ordinária";"544";"Eleição Geral Federal 2022";"02/10/2022";"BR";"BR";"BRASIL";"280001612393";"11";"59";"Outros créditos e poupança vinculados";"Não divulgável";"51990,68";"26/08/2022";"17:52:29"
"30/08/2022";"07:05:16";"2022";"2";"Eleição Ordinária";"544";"Eleição Geral Federal 2022";"02/10/2022";"BR";"BR";"BRASIL";"280001612393";"12";"59";"Outros créditos e poupança vinculados";"Não divulgável";"51990,69";"26/08/2022";"17:52:29"
"30/08/2022";"07:05:16";"2022";"2";"Eleição Ordinária";"544";"Eleição Geral Federal 2022";"02/10/2022";"BR";"BR";"BRASIL";"280001612393";"13";"59";"Outros créditos e poupança vinculados";"Não divulgável";"51990,69";"26/08/2022";"17:52:29"
"30/08/2022";"07:05:16";"2022";"2";"Eleição Ordinária";"544";"Eleição Geral Federal 2022";"02/10/2022";"BR";"BR";"BRASIL";"280001612393";"14";"52";"Crédito decorrente de alienação";"Não divulgável";"1004590,70";"26/08/2022";"17:52:29"
"30/08/2022";"07:05:16";"2022";"2";"Eleição Ordinária";"544";"Eleição Geral Federal 2022";"02/10/2022";"BR";"BR";"BRASIL";"280001612393";"15";"61";"Depósito bancário em conta corrente no País";"Não divulgável";"2471,69";"26/08/2022";"17:52:29"
"30/08/2022";"07:05:16";"2022";"2";"Eleição Ordinária";"544";"Eleição Geral Federal 2022";"02/10/2022";"BR";"BR";"BRASIL";"280001612393";"16";"97";"VGBL - Vida Gerador de Benefício Livre";"Não divulgável";"28517,32";"26/08/2022";"17:52:29"
"30/08/2022";"07:05:16";"2022";"2";"Eleição Ordinária";"544";"Eleição Geral Federal 2022";"02/10/2022";"BR";"BR";"BRASIL";"280001612393";"17";"63";"Dinheiro em espécie - moeda nacional";"Não divulgável";"31916,28";"26/08/2022";"17:52:29"
"30/08/2022";"07:05:16";"2022";"2";"Eleição Ordinária";"544";"Eleição Geral Federal 2022";"02/10/2022";"BR";"BR";"BRASIL";"280001618036";"1";"11";"Apartamento";"Não divulgável";"240930,00";"26/08/2022";"16:45:00"
"30/08/2022";"07:05:16";"2022";"2";"Eleição Ordinária";"544";"Eleição Geral Federal 2022";"02/10/2022";"BR";"BR";"BRASIL";"280001618036";"2";"12";"Casa";"Não divulgável";"40000,00";"26/08/2022";"16:45:00"
"30/08/2022";"07:05:16";"2022";"2";"Eleição Ordinária";"544";"Eleição Geral Federal 2022";"02/10/2022";"BR";"BR";"BRASIL";"280001618036";"3";"12";"Casa";"Não divulgável";"98500,00";"26/08/2022";"16:45:00"
"30/08/2022";"07:05:16";"2022";"2";"Eleição Ordinária";"544";"Eleição Geral Federal 2022";"02/10/2022";"BR";"BR";"BRASIL";"280001618036";"4";"12";"Casa";"Não divulgável";"400000,00";"26/08/2022";"16:45:00"
"30/08/2022";"07:05:16";"2022";"2";"Eleição Ordinária";"544";"Eleição Geral Federal 2022";"02/10/2022";"BR";"BR";"BRASIL";"280001618036";"5";"12";"Casa";"Não divulgável";"603803,54";"26/08/2022";"16:45:00"
"30/08/2022";"07:05:16";"2022";"2";"Eleição Ordinária";"544";"Eleição Geral Federal 2022";"02/10/2022";"BR";"BR";"BRASIL";"280001618036";"6";"21";"Veículo automotor terrestre: caminhão, automóvel, moto, etc.";"Não divulgável";"26500,00";"26/08/2022";"16:45:00"
"30/08/2022";"07:05:16";"2022";"2";"Eleição Ordinária";"544";"Eleição Geral Federal 2022";"02/10/2022";"BR";"BR";"BRASIL";"280001618036";"7";"31";"Ações (inclusive as provenientes de linha telefônica)";"Não divulgável";"0,00";"26/08/2022";"16:45:00"
"30/08/2022";"07:05:16";"2022";"2";"Eleição Ordinária";"544";"Eleição Geral Federal 2022";"02/10/2022";"BR";"BR";"BRASIL";"280001618036";"8";"31";"Ações (inclusive as provenientes de linha telefônica)";"Não divulgável";"0,00";"26/08/2022";"16:45:00"
"30/08/2022";"07:05:16";"2022";"2";"Eleição Ordinária";"544";"Eleição Geral Federal 2022";"02/10/2022";"BR";"BR";"BRASIL";"280001618036";"9";"32";"Quotas ou quinhões de capital";"Não divulgável";"249,00";"26/08/2022";"16:45:00"
"30/08/2022";"07:05:16";"2022";"2";"Eleição Ordinária";"544";"Eleição Geral Federal 2022";"02/10/2022";"BR";"BR";"BRASIL";"280001618036";"10";"41";"Caderneta de poupança";"Não divulgável";"591047,58";"26/08/2022";"16:45:00"
"30/08/2022";"07:05:16";"2022";"2";"Eleição Ordinária";"544";"Eleição Geral Federal 2022";"02/10/2022";"BR";"BR";"BRASIL";"280001618036";"11";"61";"Depósito bancário em conta corrente no País";"Não divulgável";"547,33";"26/08/2022";"16:45:00"
"30/08/2022";"07:05:16";"2022";"2";"Eleição Ordinária";"544";"Eleição Geral Federal 2022";"02/10/2022";"BR";"BR";"BRASIL";"280001618036";"12";"61";"Depósito bancário em conta corrente no País";"Não divulgável";"92,57";"26/08/2022";"16:45:00"
"30/08/2022";"07:05:16";"2022";"2";"Eleição Ordinária";"544";"Eleição Geral Federal 2022";"02/10/2022";"BR";"BR";"BRASIL";"280001618036";"13";"61";"Depósito bancário em conta corrente no País";"Não divulgável";"315884,71";"26/08/2022";"16:45:00"
"30/08/2022";"07:05:16";"2022";"2";"Eleição Ordinária";"544";"Eleição Geral Federal 2022";"02/10/2022";"BR";"BR";"BRASIL";"280001618037";"1";"11";"Apartamento";"Não divulgável";"274600,00";"24/08/2022";"14:31:13"
"30/08/2022";"07:05:16";"2022";"2";"Eleição Ordinária";"544";"Eleição Geral Federal 2022";"02/10/2022";"BR";"BR";"BRASIL";"280001618037";"2";"11";"Apartamento";"Não divulgável";"141517,38";"24/08/2022";"14:31:13"
"30/08/2022";"07:05:16";"2022";"2";"Eleição Ordinária";"544";"Eleição Geral Federal 2022";"02/10/2022";"BR";"BR";"BRASIL";"280001618037";"3";"21";"Veículo automotor terrestre: caminhão, automóvel, moto, etc.";"Não divulgável";"64393,28";"24/08/2022";"14:31:13"
"30/08/2022";"07:05:16";"2022";"2";"Eleição Ordinária";"544";"Eleição Geral Federal 2022";"02/10/2022";"BR";"BR";"BRASIL";"280001618037";"4";"31";"Ações (inclusive as provenientes de linha telefônica)";"Não divulgável";"20000,00";"24/08/2022";"14:31:13"
"30/08/2022";"07:05:16";"2022";"2";"Eleição Ordinária";"544";"Eleição Geral Federal 2022";"02/10/2022";"BR";"BR";"BRASIL";"280001618037";"5";"31";"Ações (inclusive as provenientes de linha telefônica)";"Não divulgável";"339800,00";"24/08/2022";"14:31:13"
"30/08/2022";"07:05:16";"2022";"2";"Eleição Ordinária";"544";"Eleição Geral Federal 2022";"02/10/2022";"BR";"BR";"BRASIL";"280001618037";"6";"31";"Ações (inclusive as provenientes de linha telefônica)";"Não divulgável";"698500,00";"24/08/2022";"14:31:13"
"30/08/2022";"07:05:16";"2022";"2";"Eleição Ordinária";"544";"Eleição Geral Federal 2022";"02/10/2022";"BR";"BR";"BRASIL";"280001618037";"7";"45";"Aplicação de renda fixa (CDB, RDB e outros)";"Não divulgável";"49482,02";"24/08/2022";"14:31:13"
"30/08/2022";"07:05:16";"2022";"2";"Eleição Ordinária";"544";"Eleição Geral Federal 2022";"02/10/2022";"BR";"BR";"BRASIL";"280001618037";"8";"62";"Depósito bancário em conta corrente no exterior";"Não divulgável";"43694,13";"24/08/2022";"14:31:13"
"30/08/2022";"07:05:16";"2022";"2";"Eleição Ordinária";"544";"Eleição Geral Federal 2022";"02/10/2022";"BR";"BR";"BRASIL";"280001644128";"1";"39";"Outras participações societárias";"Não divulgável";"500000,00";"24/08/2022";"14:31:13"
"30/08/2022";"07:05:16";"2022";"2";"Eleição Ordinária";"544";"Eleição Geral Federal 2022";"02/10/2022";"BR";"BR";"BRASIL";"280001644128";"2";"61";"Depósito bancário em conta corrente no País";"Não divulgável";"12000,00";"24/08/2022";"14:31:13"
"30/08/2022";"07:05:16";"2022";"2";"Eleição Ordinária";"544";"Eleição Geral Federal 2022";"02/10/2022";"BR";"BR";"BRASIL";"280001644128";"3";"61";"Depósito bancário em conta corrente no País";"Não divulgável";"15000,00";"24/08/2022";"14:31:13"
"30/08/2022";"07:05:16";"2022";"2";"Eleição Ordinária";"544";"Eleição Geral Federal 2022";"02/10/2022";"BR";"BR";"BRASIL";"280001644128";"4";"63";"Dinheiro em espécie - moeda nacional";"Não divulgável";"250000,00";"24/08/2022";"14:31:13"
"30/08/2022";"07:05:16";"2022";"2";"Eleição Ordinária";"544";"Eleição Geral Federal 2022";"02/10/2022";"BR";"BR";"BRASIL";"280001644128";"5";"61";"Depósito bancário em conta corrente no País";"Não divulgável";"6000,00";"24/08/2022";"14:31:13"
"30/08/2022";"07:05:16";"2022";"2";"Eleição Ordinária";"544";"Eleição Geral Federal 2022";"02/10/2022";"BR";"BR";"BRASIL";"280001644129";"1";"21";"Veículo automotor terrestre: caminhão, automóvel, moto, etc.";"Não divulgável";"91900,00";"24/08/2022";"14:31:13"
"30/08/2022";"07:05:16";"2022";"2";"Eleição Ordinária";"544";"Eleição Geral Federal 2022";"02/10/2022";"BR";"BR";"BRASIL";"280001644129";"2";"25";"Jóia, quadro, objeto de arte, de coleção, antiguidade, etc.";"Não divulgável";"950000,00";"24/08/2022";"14:31:13"
"30/08/2022";"07:05:16";"2022";"2";"Eleição Ordinária";"544";"Eleição Geral Federal 2022";"02/10/2022";"BR";"BR";"BRASIL";"280001644129";"3";"39";"Outras participações societárias";"Não divulgável";"103732,00";"24/08/2022";"14:31:13"
"30/08/2022";"07:05:16";"2022";"2";"Eleição Ordinária";"544";"Eleição Geral Federal 2022";"02/10/2022";"BR";"BR";"BRASIL";"280001644129";"4";"39";"Outras participações societárias";"Não divulgável";"4467225,00";"24/08/2022";"14:31:13"
"30/08/2022";"07:05:16";"2022";"2";"Eleição Ordinária";"544";"Eleição Geral Federal 2022";"02/10/2022";"BR";"BR";"BRASIL";"280001644129";"5";"39";"Outras participações societárias";"Não divulgável";"300000,00";"24/08/2022";"14:31:13"
"30/08/2022";"07:05:16";"2022";"2";"Eleição Ordinária";"544";"Eleição Geral Federal 2022";"02/10/2022";"BR";"BR";"BRASIL";"280001644129";"6";"45";"Aplicação de renda fixa (CDB, RDB e outros)";"Não divulgável";"1,72";"24/08/2022";"14:31:13"
"30/08/2022";"07:05:16";"2022";"2";"Eleição Ordinária";"544";"Eleição Geral Federal 2022";"02/10/2022";"BR";"BR";"BRASIL";"280001644129";"7";"45";"Aplicação de renda fixa (CDB, RDB e outros)";"Não divulgável";"448000,00";"24/08/2022";"14:31:13"
"30/08/2022";"07:05:16";"2022";"2";"Eleição Ordinária";"544";"Eleição Geral Federal 2022";"02/10/2022";"BR";"BR";"BRASIL";"280001644129";"8";"49";"Outras aplicações e Investimentos";"Não divulgável";"2468837,85";"24/08/2022";"14:31:13"
"30/08/2022";"07:05:16";"2022";"2";"Eleição Ordinária";"544";"Eleição Geral Federal 2022";"02/10/2022";"BR";"BR";"BRASIL";"280001644129";"9";"51";"Crédito decorrente de empréstimo";"Não divulgável";"1555130,27";"24/08/2022";"14:31:13"
"30/08/2022";"07:05:16";"2022";"2";"Eleição Ordinária";"544";"Eleição Geral Federal 2022";"02/10/2022";"BR";"BR";"BRASIL";"280001644129";"10";"51";"Crédito decorrente de empréstimo";"Não divulgável";"110314,32";"24/08/2022";"14:31:13"
"30/08/2022";"07:05:16";"2022";"2";"Eleição Ordinária";"544";"Eleição Geral Federal 2022";"02/10/2022";"BR";"BR";"BRASIL";"280001644129";"11";"51";"Crédito decorrente de empréstimo";"Não divulgável";"7451,54";"24/08/2022";"14:31:13"
"30/08/2022";"07:05:16";"2022";"2";"Eleição Ordinária";"544";"Eleição Geral Federal 2022";"02/10/2022";"BR";"BR";"BRASIL";"280001644129";"12";"79";"Outros fundos";"Não divulgável";"300000,00";"24/08/2022";"14:31:13"
"30/08/2022";"07:05:16";"2022";"2";"Eleição Ordinária";"544";"Eleição Geral Federal 2022";"02/10/2022";"BR";"BR";"BRASIL";"280001644129";"13";"79";"Outros fundos";"Não divulgável";"16905,42";"24/08/2022";"14:31:13"
"30/08/2022";"07:05:16";"2022";"2";"Eleição Ordinária";"544";"Eleição Geral Federal 2022";"02/10/2022";"BR";"BR";"BRASIL";"280001644129";"14";"97";"VGBL - Vida Gerador de Benefício Livre";"Não divulgável";"1722559,98";"24/08/2022";"14:31:13"
"30/08/2022";"07:05:16";"2022";"2";"Eleição Ordinária";"544";"Eleição Geral Federal 2022";"02/10/2022";"BR";"BR";"BRASIL";"280001644129";"15";"79";"Outros fundos";"Não divulgável";"5936,91";"24/08/2022";"14:31:13"
"30/08/2022";"07:05:16";"2022";"2";"Eleição Ordinária";"544";"Eleição Geral Federal 2022";"02/10/2022";"BR";"BR";"BRASIL";"280001644129";"16";"61";"Depósito bancário em conta corrente no País";"Não divulgável";"24112,04";"24/08/2022";"14:31:13"
"30/08/2022";"07:05:16";"2022";"2";"Eleição Ordinária";"544";"Eleição Geral Federal 2022";"02/10/2022";"BR";"BR";"BRASIL";"280001644129";"17";"61";"Depósito bancário em conta corrente no País";"Não divulgável";"13328,88";"24/08/2022";"14:31:13"
"30/08/2022";"07:05:16";"2022";"2";"Eleição Ordinária";"544";"Eleição Geral Federal 2022";"02/10/2022";"BR";"BR";"BRASIL";"280001644129";"18";"61";"Depósito bancário em conta corrente no País";"Não divulgável";"1150,40";"24/08/2022";"14:31:13"
"30/08/2022";"07:05:16";"2022";"2";"Eleição Ordinária";"544";"Eleição Geral Federal 2022";"02/10/2022";"BR";"BR";"BRASIL";"280001655452";"1";"41";"Caderneta de poupança";"Não divulgável";"1884,34";"29/08/2022";"14:02:50"
"30/08/2022";"07:05:16";"2022";"2";"Eleição Ordinária";"544";"Eleição Geral Federal 2022";"02/10/2022";"BR";"BR";"BRASIL";"280001655452";"2";"61";"Depósito bancário em conta corrente no País";"Não divulgável";"23349,00";"29/08/2022";"14:02:50"
"30/08/2022";"07:05:16";"2022";"2";"Eleição Ordinária";"544";"Eleição Geral Federal 2022";"02/10/2022";"BR";"BR";"BRASIL";"280001655452";"3";"79";"Outros fundos";"Não divulgável";"716910,00";"29/08/2022";"14:02:50"
"30/08/2022";"07:05:16";"2022";"2";"Eleição Ordinária";"544";"Eleição Geral Federal 2022";"02/10/2022";"BR";"BR";"BRASIL";"280001655452";"4";"49";"Outras aplicações e Investimentos";"Não divulgável";"3180,07";"29/08/2022";"14:02:50"
"30/08/2022";"07:05:16";"2022";"2";"Eleição Ordinária";"544";"Eleição Geral Federal 2022";"02/10/2022";"BR";"BR";"BRASIL";"280001655453";"1";"41";"Caderneta de poupança";"Não divulgável";"8229,73";"24/08/2022";"14:31:13"
"30/08/2022";"07:05:16";"2022";"2";"Eleição Ordinária";"544";"Eleição Geral Federal 2022";"02/10/2022";"BR";"BR";"BRASIL";"280001655453";"2";"41";"Caderneta de poupança";"Não divulgável";"317,40";"24/08/2022";"14:31:13"
"30/08/2022";"07:05:16";"2022";"2";"Eleição Ordinária";"544";"Eleição Geral Federal 2022";"02/10/2022";"BR";"BR";"BRASIL";"280001655453";"3";"32";"Quotas ou quinhões de capital";"Não divulgável";"1,00";"24/08/2022";"14:31:13"
"30/08/2022";"07:05:16";"2022";"2";"Eleição Ordinária";"544";"Eleição Geral Federal 2022";"02/10/2022";"BR";"BR";"BRASIL";"280001677435";"1";"11";"Apartamento";"Não divulgável";"119857,21";"26/08/2022";"16:43:38"
"30/08/2022";"07:05:16";"2022";"2";"Eleição Ordinária";"544";"Eleição Geral Federal 2022";"02/10/2022";"BR";"BR";"BRASIL";"280001677435";"2";"12";"Casa";"Não divulgável";"89892,24";"26/08/2022";"16:43:38"
"30/08/2022";"07:05:16";"2022";"2";"Eleição Ordinária";"544";"Eleição Geral Federal 2022";"02/10/2022";"BR";"BR";"BRASIL";"280001677435";"3";"12";"Casa";"Não divulgável";"160724,73";"26/08/2022";"16:43:38"
"30/08/2022";"07:05:16";"2022";"2";"Eleição Ordinária";"544";"Eleição Geral Federal 2022";"02/10/2022";"BR";"BR";"BRASIL";"280001677435";"4";"12";"Casa";"Não divulgável";"157489,56";"26/08/2022";"16:43:38"
"30/08/2022";"07:05:16";"2022";"2";"Eleição Ordinária";"544";"Eleição Geral Federal 2022";"02/10/2022";"BR";"BR";"BRASIL";"280001677435";"5";"13";"Terreno";"Não divulgável";"14982,71";"26/08/2022";"16:43:38"
"30/08/2022";"07:05:16";"2022";"2";"Eleição Ordinária";"544";"Eleição Geral Federal 2022";"02/10/2022";"BR";"BR";"BRASIL";"280001677435";"6";"13";"Terreno";"Não divulgável";"3901,98";"26/08/2022";"16:43:38"
"30/08/2022";"07:05:16";"2022";"2";"Eleição Ordinária";"544";"Eleição Geral Federal 2022";"02/10/2022";"BR";"BR";"BRASIL";"280001677435";"7";"21";"Veículo automotor terrestre: caminhão, automóvel, moto, etc.";"Não divulgável";"12160,00";"26/08/2022";"16:43:38"
"30/08/2022";"07:05:16";"2022";"2";"Eleição Ordinária";"544";"Eleição Geral Federal 2022";"02/10/2022";"BR";"BR";"BRASIL";"280001677435";"8";"21";"Veículo automotor terrestre: caminhão, automóvel, moto, etc.";"Não divulgável";"56000,00";"26/08/2022";"16:43:38"
"30/08/2022";"07:05:16";"2022";"2";"Eleição Ordinária";"544";"Eleição Geral Federal 2022";"02/10/2022";"BR";"BR";"BRASIL";"280001677435";"9";"21";"Veículo automotor terrestre: caminhão, automóvel, moto, etc.";"Não divulgável";"142500,00";"26/08/2022";"16:43:38"
"30/08/2022";"07:05:16";"2022";"2";"Eleição Ordinária";"544";"Eleição Geral Federal 2022";"02/10/2022";"BR";"BR";"BRASIL";"280001677435";"10";"21";"Veículo automotor terrestre: caminhão, automóvel, moto, etc.";"Não divulgável";"24000,00";"26/08/2022";"16:43:38"
"30/08/2022";"07:05:16";"2022";"2";"Eleição Ordinária";"544";"Eleição Geral Federal 2022";"02/10/2022";"BR";"BR";"BRASIL";"280001677435";"11";"23";"Embarcação";"Não divulgável";"7000,00";"26/08/2022";"16:43:38"
"30/08/2022";"07:05:16";"2022";"2";"Eleição Ordinária";"544";"Eleição Geral Federal 2022";"02/10/2022";"BR";"BR";"BRASIL";"280001677435";"12";"23";"Embarcação";"Não divulgável";"123770,00";"26/08/2022";"16:43:38"
"30/08/2022";"07:05:16";"2022";"2";"Eleição Ordinária";"544";"Eleição Geral Federal 2022";"02/10/2022";"BR";"BR";"BRASIL";"280001677435";"13";"25";"Jóia, quadro, objeto de arte, de coleção, antiguidade, etc.";"Não divulgável";"4163,84";"26/08/2022";"16:43:38"
"30/08/2022";"07:05:16";"2022";"2";"Eleição Ordinária";"544";"Eleição Geral Federal 2022";"02/10/2022";"BR";"BR";"BRASIL";"280001677435";"14";"31";"Ações (inclusive as provenientes de linha telefônica)";"Não divulgável";"3459,00";"26/08/2022";"16:43:38"
"30/08/2022";"07:05:16";"2022";"2";"Eleição Ordinária";"544";"Eleição Geral Federal 2022";"02/10/2022";"BR";"BR";"BRASIL";"280001677435";"15";"31";"Ações (inclusive as provenientes de linha telefônica)";"Não divulgável";"2889,00";"26/08/2022";"16:43:38"
"30/08/2022";"07:05:16";"2022";"2";"Eleição Ordinária";"544";"Eleição Geral Federal 2022";"02/10/2022";"BR";"BR";"BRASIL";"280001677435";"16";"32";"Quotas ou quinhões de capital";"Não divulgável";"356757,00";"26/08/2022";"16:43:38"
"30/08/2022";"07:05:16";"2022";"2";"Eleição Ordinária";"544";"Eleição Geral Federal 2022";"02/10/2022";"BR";"BR";"BRASIL";"280001677435";"17";"32";"Quotas ou quinhões de capital";"Não divulgável";"2500,00";"26/08/2022";"16:43:38"
"30/08/2022";"07:05:16";"2022";"2";"Eleição Ordinária";"544";"Eleição Geral Federal 2022";"02/10/2022";"BR";"BR";"BRASIL";"280001677435";"18";"41";"Caderneta de poupança";"Não divulgável";"1034,96";"26/08/2022";"16:43:38"
"30/08/2022";"07:05:16";"2022";"2";"Eleição Ordinária";"544";"Eleição Geral Federal 2022";"02/10/2022";"BR";"BR";"BRASIL";"280001677435";"19";"41";"Caderneta de poupança";"Não divulgável";"5916,20";"26/08/2022";"16:43:38"
"30/08/2022";"07:05:16";"2022";"2";"Eleição Ordinária";"544";"Eleição Geral Federal 2022";"02/10/2022";"BR";"BR";"BRASIL";"280001677435";"20";"45";"Aplicação de renda fixa (CDB, RDB e outros)";"Não divulgável";"10000,00";"26/08/2022";"16:43:38"
"30/08/2022";"07:05:16";"2022";"2";"Eleição Ordinária";"544";"Eleição Geral Federal 2022";"02/10/2022";"BR";"BR";"BRASIL";"280001677435";"21";"74";"Fundos: Ações, Mútuos de Privatização, Invest. Empresas Emergentes, Invest.Participação e Invest. Índice Mercado";"Não divulgável";"285941,48";"26/08/2022";"16:43:38"
"30/08/2022";"07:05:16";"2022";"2";"Eleição Ordinária";"544";"Eleição Geral Federal 2022";"02/10/2022";"BR";"BR";"BRASIL";"280001677435";"22";"17";"Benfeitorias";"Não divulgável";"29883,92";"26/08/2022";"16:43:38"
"30/08/2022";"07:05:16";"2022";"2";"Eleição Ordinária";"544";"Eleição Geral Federal 2022";"02/10/2022";"BR";"BR";"BRASIL";"280001677435";"23";"17";"Benfeitorias";"Não divulgável";"9104,38";"26/08/2022";"16:43:38"
"30/08/2022";"07:05:16";"2022";"2";"Eleição Ordinária";"544";"Eleição Geral Federal 2022";"02/10/2022";"BR";"BR";"BRASIL";"280001677435";"24";"17";"Benfeitorias";"Não divulgável";"779,10";"26/08/2022";"16:43:38"
"30/08/2022";"07:05:16";"2022";"2";"Eleição Ordinária";"544";"Eleição Geral Federal 2022";"02/10/2022";"BR";"BR";"BRASIL";"280001677435";"25";"26";"Linha telefônica";"Não divulgável";"13610,16";"26/08/2022";"16:43:38"
"30/08/2022";"07:05:16";"2022";"2";"Eleição Ordinária";"544";"Eleição Geral Federal 2022";"02/10/2022";"BR";"BR";"BRASIL";"280001677435";"26";"39";"Outras participações societárias";"Não divulgável";"35676,00";"26/08/2022";"16:43:38"
"30/08/2022";"07:05:16";"2022";"2";"Eleição Ordinária";"544";"Eleição Geral Federal 2022";"02/10/2022";"BR";"BR";"BRASIL";"280001677435";"27";"39";"Outras participações societárias";"Não divulgável";"2500,00";"26/08/2022";"16:43:38"
"30/08/2022";"07:05:16";"2022";"2";"Eleição Ordinária";"544";"Eleição Geral Federal 2022";"02/10/2022";"BR";"BR";"BRASIL";"280001677435";"28";"71";"Fundo de Curto Prazo";"Não divulgável";"0,00";"26/08/2022";"16:43:38"
"30/08/2022";"07:05:16";"2022";"2";"Eleição Ordinária";"544";"Eleição Geral Federal 2022";"02/10/2022";"BR";"BR";"BRASIL";"280001677435";"29";"71";"Fundo de Curto Prazo";"Não divulgável";"6053,55";"26/08/2022";"16:43:38"
"30/08/2022";"07:05:16";"2022";"2";"Eleição Ordinária";"544";"Eleição Geral Federal 2022";"02/10/2022";"BR";"BR";"BRASIL";"280001677435";"30";"51";"Crédito decorrente de empréstimo";"Não divulgável";"4356973,44";"26/08/2022";"16:43:38"
"30/08/2022";"07:05:16";"2022";"2";"Eleição Ordinária";"544";"Eleição Geral Federal 2022";"02/10/2022";"BR";"BR";"BRASIL";"280001677435";"31";"51";"Crédito decorrente de empréstimo";"Não divulgável";"401942,46";"26/08/2022";"16:43:38"
"30/08/2022";"07:05:16";"2022";"2";"Eleição Ordinária";"544";"Eleição Geral Federal 2022";"02/10/2022";"BR";"BR";"BRASIL";"280001677435";"32";"51";"Crédito decorrente de empréstimo";"Não divulgável";"4000,00";"26/08/2022";"16:43:38"
"30/08/2022";"07:05:16";"2022";"2";"Eleição Ordinária";"544";"Eleição Geral Federal 2022";"02/10/2022";"BR";"BR";"BRASIL";"280001677435";"33";"51";"Crédito decorrente de empréstimo";"Não divulgável";"102282,42";"26/08/2022";"16:43:38"
"30/08/2022";"07:05:16";"2022";"2";"Eleição Ordinária";"544";"Eleição Geral Federal 2022";"02/10/2022";"BR";"BR";"BRASIL";"280001677435";"34";"52";"Crédito decorrente de alienação";"Não divulgável";"9815,00";"26/08/2022";"16:43:38"
"30/08/2022";"07:05:16";"2022";"2";"Eleição Ordinária";"544";"Eleição Geral Federal 2022";"02/10/2022";"BR";"BR";"BRASIL";"280001677435";"35";"61";"Depósito bancário em conta corrente no País";"Não divulgável";"1,00";"26/08/2022";"16:43:38"
"30/08/2022";"07:05:16";"2022";"2";"Eleição Ordinária";"544";"Eleição Geral Federal 2022";"02/10/2022";"BR";"BR";"BRASIL";"280001677435";"36";"61";"Depósito bancário em conta corrente no País";"Não divulgável";"0,00";"26/08/2022";"16:43:38"
"30/08/2022";"07:05:16";"2022";"2";"Eleição Ordinária";"544";"Eleição Geral Federal 2022";"02/10/2022";"BR";"BR";"BRASIL";"280001677435";"37";"61";"Depósito bancário em conta corrente no País";"Não divulgável";"9862,44";"26/08/2022";"16:43:38"
"30/08/2022";"07:05:16";"2022";"2";"Eleição Ordinária";"544";"Eleição Geral Federal 2022";"02/10/2022";"BR";"BR";"BRASIL";"280001677435";"38";"61";"Depósito bancário em conta corrente no País";"Não divulgável";"3272,88";"26/08/2022";"16:43:38"
"30/08/2022";"07:05:16";"2022";"2";"Eleição Ordinária";"544";"Eleição Geral Federal 2022";"02/10/2022";"BR";"BR";"BRASIL";"280001677435";"39";"63";"Dinheiro em espécie - moeda nacional";"Não divulgável";"1100,00";"26/08/2022";"16:43:38"
"30/08/2022";"07:05:16";"2022";"2";"Eleição Ordinária";"544";"Eleição Geral Federal 2022";"02/10/2022";"BR";"BR";"BRASIL";"280001677435";"40";"63";"Dinheiro em espécie - moeda nacional";"Não divulgável";"900,00";"26/08/2022";"16:43:38"
"30/08/2022";"07:05:16";"2022";"2";"Eleição Ordinária";"544";"Eleição Geral Federal 2022";"02/10/2022";"BR";"BR";"BRASIL";"280001677435";"41";"59";"Outros créditos e poupança vinculados";"Não divulgável";"129,94";"26/08/2022";"16:43:38"
"30/08/2022";"07:05:16";"2022";"2";"Eleição Ordinária";"544";"Eleição Geral Federal 2022";"02/10/2022";"BR";"BR";"BRASIL";"280001677436";"1";"45";"Aplicação de renda fixa (CDB, RDB e outros)";"Não divulgável";"1452,87";"24/08/2022";"14:31:13"
